Category,Question,Response
Game Strategy,What adjustments did you make at halftime to improve the team’s attack?,"During halftime, we identified that our team was struggling to break through the opponent's defense due to their compact shape. To improve our attack, we made tactical adjustments by instructing our wingers to stretch the play wider, creating more space for our midfielders to operate in the central areas. Additionally, we emphasized quick ball movement to exploit any gaps in the defense and instructed our forwards to make more dynamic runs to unsettle the opposition's backline. These adjustments proved effective as we were able to create more scoring opportunities in the second half."
Game Strategy,How does the team’s high press strategy help in regaining possession quickly?,"The team's high press strategy is a key component of their overall game plan to regain possession quickly. By applying intense pressure on the opposition players high up the pitch, the team aims to force turnovers and create scoring opportunities in dangerous areas. This aggressive approach not only disrupts the opponent's build-up play but also allows the team to win the ball back closer to the opposition goal, increasing their chances of capitalizing on any mistakes. Additionally, the high press strategy can help dictate the tempo of the game and put the opponent on the back foot, ultimately giving the team more control and momentum throughout the match."
Game Strategy,Can you explain how your team's defensive organization worked against their offensive setup?,"Certainly. Our team's defensive organization focused on maintaining a compact shape to limit the space for the opposition to operate in. We prioritized communication and teamwork to ensure that we were able to effectively track their key players and disrupt their passing lanes. By staying disciplined and cohesive in our defensive structure, we were able to nullify their offensive threats and force them into making mistakes. Overall, our strategy was to stay organized, anticipate their movements, and work together to shut down their attacks."
Game Strategy,How do you assess the balance between attack and defense in today's game?,"Maintaining a balance between attack and defense is crucial in today's game. It's important to be proactive in creating scoring opportunities while also being mindful of defensive responsibilities to prevent conceding goals. Teams need to strategically transition between attacking and defensive phases based on the flow of the game and opponent's strengths. Finding the right balance requires a combination of tactical awareness, player discipline, and effective communication on the field. Ultimately, successful teams are able to strike a harmonious equilibrium between their attacking prowess and defensive solidity."
Game Strategy,What was your approach to neutralize their star player during the game?,"Our team's approach to neutralize their star player during the game was focused on a collective effort rather than relying on just one player. We employed a combination of tight defense, strategic positioning, and constant communication on the court to limit their impact. It was important for us to stay disciplined and execute our game plan effectively to disrupt their rhythm and force them into difficult situations. Overall, the team executed the strategy well, and we were able to contain their star player effectively throughout the game."
Game Strategy,In what ways do you think the team can improve its counter-attacking play?,"I believe the team can improve its counter-attacking play by focusing on quick transitions from defense to offense, maintaining good positioning to exploit spaces left by the opposition, and practicing effective communication to coordinate counter-attacks more efficiently. Additionally, working on speed and precision in passing during fast breaks can further enhance our counter-attacking capabilities on the field."
Game Strategy,How does the team adjust its game plan when playing against stronger opponents?,"""When facing stronger opponents, the team typically focuses on playing a more disciplined and defensively sound game. This may involve adjusting tactics, formations, and player positioning to counter the strengths of the opposition. Additionally, the team may prioritize ball possession, quick transitions, and capitalize on set-piece opportunities. Overall, the key is to remain organized, stay composed under pressure, and exploit any weaknesses in the opponent's game."""
Game Strategy,What role does versatility in player positions play in your tactical decisions?,Versatility in player positions is crucial in my tactical decisions as it allows me to adapt to different game situations and exploit the strengths of my team. Having players who can seamlessly switch positions or fulfill multiple roles provides me with the flexibility to make in-game adjustments and counter the opponent's strategies effectively. This strategic advantage not only enhances our team's overall performance but also keeps the opposition guessing and unable to predict our next move.
Player Performance,What do you think about [player's name] performance in today’s game?,"I believe [player's name] showed exceptional performance in today's game. Their skills were on full display, contributing significantly to the team's success. [Player's name] executed key plays, demonstrated great technique, and showcased their talent on the field/court. It was truly a standout performance that made a significant impact on the outcome of the game."
Player Performance,"Which player’s contribution stood out the most, and why?","In the recent game, the standout player was definitely [Player's Name]. Their exceptional performance on both offense and defense truly made a noticeable impact on the outcome of the match. [Player's Name] displayed great skill, determination, and teamwork, making crucial plays at key moments in the game. Their contribution was instrumental in securing the victory for their team."
Player Performance,Did the team get the expected performance from [player's name] today?,"From what we saw today, [player's name] certainly delivered a strong performance on the field. Their impact was noticeable and contributed positively to the team's overall gameplay. They showcased their skills and abilities effectively, making key plays and showing great determination throughout the match. Overall, [player's name] met or even exceeded the expectations set for them today."
Player Performance,How would you rate the team's overall performance in comparison to individual performances?,"I believe the team's overall performance has been solid, with each player contributing to our success in their own unique way. While individual performances have been impressive and have certainly played a key role in our victories, it is ultimately the collective effort of the team that has propelled us to our current position. It's important to recognize and appreciate the contributions of every player on the team, as it is our combined efforts that lead to success on the field."
Player Performance,What improvements do you think are necessary for [player's name] to make in the next match?,"I believe [player's name] has shown great potential in the last match, but there are a few areas where improvement could be beneficial for the next game. Specifically, I think [player's name] could focus on their defensive positioning and decision-making under pressure. By honing these skills, [player's name] can elevate their performance and contribute even more effectively to the team's success in the upcoming match."
Player Performance,Which area of [player's name]'s game needs the most work moving forward?,"Based on recent performances, it seems that [player's name] could benefit from improving their defensive skills, particularly in terms of positioning and decision-making on the field. By focusing on enhancing this aspect of their game, [player's name] has the potential to become an even more well-rounded and impactful player in the future."
Player Performance,Who do you think played an unsung role in today's game and why?,"I believe [Player's Name] played an unsung role in today's game. While their contributions may not have been as flashy as some of the other players, their consistent defensive efforts and smart decision-making were crucial to our team's success. [Player's Name] did a great job of staying focused and executing their role effectively, which allowed other players to shine. Their hard work often goes unnoticed, but their impact on the game was undeniable."
Player Performance,What did you think of [player's name]'s impact after coming off the bench today?,"I believe [player's name] made a significant impact coming off the bench today. Their energy, skill, and presence on the field/court provided a much-needed boost to the team's performance. [Player's name] showcased their abilities and contributed positively to the game, demonstrating their value as a key player in the squad."
Injury Updates,How is [player's name]'s rehabilitation progressing?,"""Currently, [player's name]'s rehabilitation is on track and progressing well. The medical team is closely monitoring their recovery process and ensuring that they are receiving the necessary treatment and care. [Player's name] is dedicated to their rehabilitation program and is working hard to get back to full fitness as soon as possible."""
Injury Updates,Can you confirm the expected timeline for [player's name]'s return to full fitness?,"""We are closely monitoring [player's name]'s recovery progress and working in collaboration with our medical team to ensure a safe and effective rehabilitation process. While we do not have a specific timeline at this moment, we are optimistic about [player's name]'s recovery and are focused on his/her long-term health and well-being."""
Injury Updates,Has [injured player]'s absence affected the team's tactics or formation?,"Yes, [injured player]'s absence has definitely had an impact on the team's tactics and formation. The coaching staff has had to make adjustments to compensate for their absence and find alternative solutions to maintain the team's performance on the field. It's always challenging when a key player is sidelined due to injury, but the team is working hard to adapt and overcome this setback."
Injury Updates,How have the rest of the team adjusted to the injury of [player's name]?,The team has shown great resilience in adapting to the absence of [player's name]. They have come together and stepped up collectively to fill the void left by the injury. It's been impressive to see how everyone has rallied around each other to maintain a high level of performance despite the setback.
Injury Updates,What steps are being taken to prevent further injuries in the squad?,"The team's medical staff and coaching staff have been working closely together to implement a comprehensive injury prevention program. This includes tailored warm-up routines, strength and conditioning exercises, as well as monitoring players' workload and recovery strategies. Additionally, regular assessments and screenings are conducted to identify any potential risk factors and address them proactively. The goal is to keep our players in peak physical condition and minimize the risk of injuries during training and matches."
Injury Updates,How does the team manage without the presence of key players due to injury?,"Injuries are an unfortunate reality in sports, and they can certainly have an impact on a team's performance. When key players are sidelined due to injury, it presents an opportunity for other members of the team to step up and fill the void. The team may adjust their strategy, rotate players, or make tactical changes to compensate for the absence of key players. Additionally, the coaching staff and medical team work closely together to support the injured players in their recovery process and ensure they are able to return to action as soon as possible. Ultimately, dealing with injuries is a challenge that all teams face, and it is a test of the team's depth and resilience to overcome these obstacles."
Injury Updates,What’s the current outlook for [player's name] following their surgery?,The current outlook for [player's name] following their surgery is positive. The medical team is pleased with the progress the player has made and they are on track with their rehabilitation schedule. The player is working hard to regain full fitness and is expected to make a full recovery in the coming weeks/months. The team is optimistic about the player's return to action and are providing all the necessary support to ensure a successful comeback.
Injury Updates,How has the coaching staff adapted training methods in light of current injuries?,"The coaching staff has been closely monitoring the current injuries and has made necessary adjustments to the training methods to ensure the well-being and recovery of the players. They have implemented modified drills, increased focus on injury prevention techniques, and individualized training programs to accommodate the specific needs of injured players. The team is prioritizing player health and safety above all else during this challenging period."
Post-Game Analysis,"Looking back, what do you think were the pivotal moments that influenced the final score?","I believe there were several pivotal moments in the game that had a significant impact on the final score. The key turning points included the crucial turnover in the third quarter that led to a momentum swing in favor of the opposing team, as well as the missed opportunities in the red zone that prevented us from capitalizing on scoring chances. Additionally, the game-changing decision to go for it on fourth down late in the fourth quarter ultimately shaped the outcome of the match. Reflecting on these moments, it is clear that our execution and decision-making in critical situations played a decisive role in determining the final score."
Post-Game Analysis,How do you think the team handled the pressure in the final moments of the match?,"I believe the team showed great composure and resilience in the final moments of the match. Despite the pressure mounting, they stayed focused, executed their game plan effectively, and ultimately secured the victory. It was evident that they remained calm under pressure and trusted in their abilities to come through when it mattered most."
Post-Game Analysis,What areas of the game do you think the team needs to improve upon before the next match?,"I believe there are a few key areas where the team can focus on improving before the next match. Firstly, our defense needs to be more organized and communicate better to prevent the opposition from creating scoring opportunities. Secondly, our midfielders should work on maintaining possession and controlling the tempo of the game more effectively. Lastly, our forwards need to be more clinical in front of goal and capitalize on the chances they create. By addressing these areas, I am confident we can perform better in the next match."
Post-Game Analysis,Were there any key tactical shifts made during the game that had a significant impact?,"Yes, there were key tactical shifts made during the game that had a significant impact on the outcome. The team made adjustments in their defensive formation, pressing higher up the pitch to disrupt the opponent's build-up play effectively. This change in strategy led to more turnovers in the midfield and created scoring opportunities on the counter-attack, ultimately helping the team secure the win."
Post-Game Analysis,How do you rate the team’s execution of set-pieces in this match?,"I believe the team's execution of set-pieces in this match was solid overall. There were some well-executed plays that resulted in scoring opportunities, but there were also instances where we could have been more clinical in our finishing. It's an aspect of our game that we will continue to work on and improve in future matches."
Post-Game Analysis,What aspects of the game were you most pleased with in terms of performance?,"I was particularly pleased with our team's defensive effort throughout the game. We were able to limit our opponents' scoring opportunities and maintain a strong defensive presence. Additionally, our execution on set plays and transitions was impressive, allowing us to capitalize on scoring chances. Overall, I am proud of the team's performance in these key areas."
Post-Game Analysis,How would you describe the team’s overall mentality after today’s result?,"After today's result, the team's overall mentality can be described as resilient and determined. Despite facing challenges during the game, the team remained focused and committed to executing their game plan. There is a sense of unity and belief among the players that will drive them to continue improving and working towards their goals in the upcoming matches."
Post-Game Analysis,Was there a moment in the match where you felt the game was lost or won?,"Yes, there was a crucial moment in the match where the game was ultimately won. It was during the third quarter when our team executed a series of quick offensive plays that allowed us to build a substantial lead over our opponents. This momentum shift proved to be the turning point in the game and ultimately secured our victory."
Team Morale,How do you think the team is feeling after today's result?,"I believe the team is feeling a mix of disappointment and determination after today's result. While the outcome may not have been what we had hoped for, the players are motivated to learn from this experience and come back stronger in the next game. Overall, I sense a positive attitude within the team as we look ahead to our future matches."
Team Morale,What do you think is the key to maintaining high morale despite challenging performances?,"""I believe the key to maintaining high morale despite challenging performances is fostering a strong sense of unity and resilience within the team. By emphasizing open communication, supporting each other through tough times, and focusing on continuous improvement, we can overcome setbacks together and stay motivated towards our goals."""
Team Morale,How do you keep the players motivated during a tough season?,"As a coach, it's crucial to maintain open communication with the players and provide constant encouragement. I focus on highlighting the team's strengths and progress, while also setting achievable goals to keep them motivated. Additionally, organizing team-building activities and fostering a supportive team environment helps boost morale during challenging times. Ultimately, showing faith in the players' abilities and maintaining a positive mindset are key factors in keeping them motivated throughout a tough season."
Team Morale,What role does positive reinforcement play in keeping the team’s confidence up?,"Positive reinforcement plays a crucial role in maintaining high team morale and confidence. By providing encouragement, praise, and recognition for a job well done, coaches and teammates can help boost each other's self-belief and motivation. This positive feedback not only fosters a supportive team environment but also helps players perform at their best and overcome challenges together. Ultimately, positive reinforcement can be a powerful tool in building a cohesive and successful team."
Team Morale,"How do you ensure that the team remains focused on the bigger picture, even after a tough loss?","As a team, we always emphasize the importance of maintaining a positive mindset and staying united, especially in the face of adversity. After a tough loss, we make it a point to reflect on what we can learn from the experience and how we can use it to fuel our motivation moving forward. We remind each other of our ultimate goals and the importance of staying committed to the process, knowing that setbacks are just a part of the journey towards success. By staying focused on the bigger picture and supporting one another, we are able to bounce back stronger and more determined than ever."
Team Morale,What specific steps are being taken to enhance team bonding and chemistry?,"""We have implemented several initiatives to enhance team bonding and chemistry. This includes organizing team-building activities such as group outings, team dinners, and bonding exercises during practice sessions. Additionally, we encourage open communication and camaraderie among players both on and off the field to foster a strong sense of unity and trust within the team."""
Team Morale,How does the team’s collective spirit affect individual performances?,"The team's collective spirit plays a crucial role in influencing individual performances. When the team has high morale and a strong sense of unity, it creates a positive environment where players are motivated to perform at their best. This camaraderie fosters support and encouragement among teammates, leading to increased confidence and a willingness to push beyond personal limits. Ultimately, a cohesive team with a positive collective spirit can elevate individual performances and contribute to overall success on the field."
Team Morale,What are the primary factors that contribute to the team’s sense of unity and motivation?,"The primary factors that contribute to the team's sense of unity and motivation are strong leadership, open communication, mutual respect among teammates, shared goals and values, and a positive team culture. When these elements are present, it creates a cohesive team environment where players are inspired to work together towards a common objective. Additionally, team bonding activities, support from coaching staff, and celebrating successes together also play a significant role in boosting team morale."
Upcoming Matches,What’s your strategy for facing [team] in the next game?,"Our strategy for facing [team] in the next game involves thorough analysis of their recent performances, strengths, and weaknesses. We will focus on our own game plan, utilizing our strengths to exploit any potential vulnerabilities in their defense. Additionally, we will work on maintaining a high level of intensity and focus throughout the game to ensure we execute our strategy effectively and come out with a positive result."
Upcoming Matches,What do you expect from [team] in the upcoming fixture?,"I expect [team] to come into the upcoming fixture with a strong game plan and determination to secure a positive result. They have been training hard and analyzing their opponent's strengths and weaknesses to be fully prepared. I anticipate a competitive and intense match, and I believe [team] will give their best performance to strive for victory."
Upcoming Matches,How do you plan to handle the pressure of playing away in the next match?,"""We are well aware of the challenges that come with playing away matches, especially dealing with the pressure from the opposing team's fans and the unfamiliar environment. Our team has been preparing both mentally and physically to adapt to these conditions. We will focus on maintaining our composure, sticking to our game plan, and supporting each other on the field. Ultimately, our goal is to stay focused and execute our strategies effectively to secure a positive result in the upcoming away match."""
Upcoming Matches,What adjustments will you make to your game plan to combat [opponent]’s strengths?,"""We have thoroughly analyzed [opponent]'s strengths and have identified areas where we can make strategic adjustments to neutralize their key advantages. Without giving away too much of our game plan, I can say that we will focus on tightening our defense, increasing our intensity in certain areas, and exploiting any potential weaknesses we have identified in their game. We are confident in our preparation and believe that our adjustments will give us a competitive edge in the upcoming match."""
Upcoming Matches,How important is the upcoming match for the team’s aspirations this season?,"The upcoming match holds significant importance for the team's aspirations this season. A positive result could provide a boost in momentum and confidence, helping the team progress towards their goals. Conversely, a loss could potentially hinder their progress and put pressure on future performances. Therefore, the team will be looking to approach the match with focus and determination to achieve a positive outcome."
Upcoming Matches,What do you consider the most dangerous aspect of [team]'s play in the upcoming match?,I believe the most dangerous aspect of [team]'s play in the upcoming match will be their strong midfield presence. Their ability to control possession and dictate the pace of the game could pose a significant threat to our team's defensive structure. We will need to be disciplined and organized in midfield to counter their influence and create opportunities on the field.
Upcoming Matches,"What are your thoughts on the upcoming match, and what’s the priority going into it?","""We are fully focused and prepared for the upcoming match. Our priority going into the game is to execute our game plan effectively, stay disciplined on both ends of the field, and work together as a cohesive unit to secure a positive result. We understand the importance of this match and are determined to give our best effort on the field."""
Upcoming Matches,How do you prepare mentally and tactically for facing a high-profile opponent like [team]?,"To prepare for facing a high-profile opponent like [team], mental and tactical preparation are key aspects of our game plan. Mentally, we focus on staying composed, confident, and resilient in the face of challenges that they may present. We analyze their strengths and weaknesses to develop a tactical approach that maximizes our chances of success on the field. Our coaching staff ensures that we are well-prepared through video analysis, strategic discussions, and intense training sessions tailored to counter their style of play. We understand the importance of mental toughness and strategic flexibility when going up against a formidable opponent, and we are committed to giving our best effort in the upcoming match."
Off-Game Matters,How do you manage the off-field distractions and maintain focus on the game?,"As a professional athlete, I prioritize maintaining a balance between my personal life and my career. I understand that off-field distractions are a part of the journey, but I make sure to stay focused on my goals and the game itself. I have a strong support system in place that helps me manage any distractions effectively, allowing me to give my best performance on the field. Additionally, I believe in the power of mental preparation and visualization techniques to keep my focus sharp and to block out any external noise."
Off-Game Matters,What hobbies or activities help you unwind after a stressful week?,"Off-Game Matters

After a tough week of competition and training, I find that engaging in hobbies such as reading, listening to music, and spending time with family and friends really helps me unwind and recharge. It's important for athletes to have activities outside of their sport that allow them to relax and decompress, and I find that these hobbies help me stay balanced and focused both on and off the field."
Off-Game Matters,How do you balance the demands of football with staying connected to your community?,"""Balancing the demands of football with staying connected to my community is extremely important to me. I prioritize setting aside time to engage with local initiatives, charity events, and community outreach programs. By actively participating in these activities, I am able to maintain a strong connection with my community while also fulfilling my responsibilities as a football player. It's all about finding the right balance and making a positive impact both on and off the field."""
Off-Game Matters,How do you handle the pressure of transfer rumors circulating around your name?,"As a professional athlete, I understand that transfer rumors are part and parcel of the industry. I try to stay focused on my training and performance on the field, leaving all negotiations and decisions to my agent and management team. It's important for me to maintain a positive mindset and continue giving my best for my current team until any official announcements are made."
Off-Game Matters,What are you doing outside of football to give back to the fans and your community?,"Outside of football, I am passionate about giving back to the community and my fans. I actively participate in local charity events, visit hospitals to spend time with patients, and engage in community outreach programs. I believe it is important to use my platform as a professional athlete to make a positive impact off the field and give back to those who support me."
Off-Game Matters,How do you keep yourself fit and focused during the off-season?,"During the off-season, I prioritize maintaining my fitness by sticking to a structured training program designed by my team's strength and conditioning coaches. This typically includes a combination of strength training, cardiovascular exercise, and agility drills to stay in peak physical condition. In terms of staying focused, I make sure to set specific goals for myself both on and off the field, whether it's improving certain skills or working on aspects of my game that need refinement. I also use the off-season as an opportunity to rest and recover both physically and mentally, so that I can come back stronger and more focused for the next season."
Off-Game Matters,Do you find it challenging to disconnect from the sport when not on the pitch?,"""Maintaining a balance between my professional and personal life is crucial, and while I am deeply passionate about the sport, I make a conscious effort to disconnect when off the pitch. Engaging in hobbies, spending time with loved ones, and focusing on relaxation helps me recharge both physically and mentally, allowing me to return to the game with renewed energy and focus."""
Off-Game Matters,What steps do you take to maintain a healthy mental state amid a demanding schedule?,"""As an athlete, maintaining a healthy mental state is crucial for my performance on and off the field. I prioritize self-care by incorporating mindfulness practices such as meditation and visualization into my daily routine. Additionally, I make sure to stay connected with my support system, whether it's my family, friends, or a sports psychologist. Setting boundaries, practicing good time management, and getting enough rest are also key components in managing a demanding schedule while keeping my mental health in check."""
Controversies,How do you feel about the recent disciplinary actions taken against [player's name]?,"As an AI sports journalist assistant, I understand that disciplinary actions against players can be a sensitive topic. It is important to respect the decisions made by the governing bodies and uphold the integrity of the sport. While I cannot provide personal opinions, I can say that it is crucial for players to adhere to the rules and regulations set forth to maintain the fairness and competitiveness of the game."
Controversies,What’s your take on the refereeing decisions in the game and how they affected the result?,"As an AI sports journalist assistant, I believe that the refereeing decisions in the game played a significant role in shaping the outcome. It is evident that certain calls or non-calls by the officials can greatly impact the final result of a match. It is crucial for referees to maintain consistency and fairness throughout the game to ensure a level playing field for all teams involved. Controversial decisions can sometimes overshadow the efforts of the players and coaching staff, leading to frustration and dissatisfaction among fans and stakeholders. It is essential for governing bodies to continuously evaluate and improve officiating standards to minimize controversies and uphold the integrity of the sport."
Controversies,Do you believe the media has unfairly portrayed the team after the recent controversy?,"As an AI sports journalist assistant, I cannot offer personal opinions. However, it is common for the media to sensationalize controversies in sports, leading to potentially unfair portrayals of teams and athletes. It is important for all parties involved to maintain perspective and focus on addressing the issues at hand with transparency and accountability."
Controversies,How do you plan to move forward after the controversy surrounding the club’s decision?,"As a team, we are fully focused on learning and growing from the recent controversy surrounding the club's decision. Moving forward, we plan to address any concerns, engage in open and transparent communication with our stakeholders, and work together to rebuild trust and unity within the organization. Our primary goal is to use this experience as a catalyst for positive change and to emerge stronger and more resilient as a team."
Controversies,What is your opinion on the ongoing debate regarding the league’s controversial rule change?,"As an AI sports journalist assistant, I understand that controversies and rule changes are common occurrences in sports leagues. It is important for players, coaches, and fans to voice their opinions and concerns regarding any changes that may impact the game. While I do not have personal opinions, I believe it is crucial for all stakeholders to engage in constructive dialogue and work towards finding solutions that benefit the sport as a whole."
Controversies,How do you address tensions within the team that may have arisen after the controversy?,"As a team, we understand that controversies can sometimes arise in any competitive environment. It is important for us to address any tensions that may have developed by fostering open communication and mutual respect among teammates. We aim to focus on our common goals and values as a team, and work together to overcome any challenges that may come our way. Our collective commitment to supporting each other and maintaining a positive team culture will help us navigate through any controversies and emerge stronger as a unit."
Controversies,Do you think the team's public response to the incident has helped or hurt its image?,"I believe the team's public response to the incident has been carefully considered and has aimed to address the situation with transparency and accountability. By acknowledging the issue head-on and taking appropriate measures to rectify any wrongdoing, the team is demonstrating a commitment to integrity and upholding its values. While the incident may have initially caused some reputational damage, the team's proactive approach to addressing it can ultimately help rebuild trust and enhance its image in the long run."
Controversies,How does the controversy impact the team’s mentality heading into the next few matches?,"The controversy has definitely created a challenging environment for the team, as they have had to deal with distractions and outside noise. However, the players are professionals and are focused on staying united and maintaining their performance on the field. They understand the importance of blocking out external factors and staying committed to their goals. The team's mentality heading into the next few matches is one of resilience and determination to prove themselves in the face of adversity."
